{
  "mae": 0.07189999554389369,
  "mse": 0.00806153298079249,
  "rmse": 0.08978604001064136,
  "r2": 0.9911383512009536
}