{
  "mae": 0.017418381715498886,
  "mse": 0.00043511620391521093,
  "rmse": 0.020859439204235834,
  "r2": 0.9995216980448932
}