{
  "mae": 0.014634075656899741,
  "mse": 0.0002456000412197598,
  "rmse": 0.01567163173443531,
  "r2": 0.9997298938300435
}