{
  "mae": 0.827127793712867,
  "mse": 0.9101233394727375,
  "rmse": 0.9540038466760695,
  "r2": -0.00045405972275247564
}