{
  "mae": 0.8282841476290557,
  "mse": 0.9105704447123287,
  "rmse": 0.9542381488456269,
  "r2": -0.0009455406382199438
}