{
  "mae": 0.8292137909331359,
  "mse": 0.9110057454915866,
  "rmse": 0.9544662097170264,
  "r2": -0.0014240454879705933
}