{
  "mae": 0.8307275203232569,
  "mse": 0.9104651047088087,
  "rmse": 0.9541829513823902,
  "r2": -0.0008297455260608544
}